id,question
1,금융보안 거버넌스는 무엇을 의미하며 그 중요성과 주요 구성 요소들은 무엇인가?
2,「개인정보 보호법」에서 '개인정보'라는 용어가 갖는 의미와 범위를 간단히 설명해 주십시오? ``?
3,가명정보와 익명정보 각각의 정의는 무엇인가?
4,'가명'과 '익명'의 차이는 무엇인가?
5,"Oracle Cloud Infrastructure에서 가상머신Virtual Machine, VM을 처음 만들 때 설정하는 기본 계정root 또는 admin 권한을 갖는 계정의 초기 비밀번호에는 어떠한 규칙들이 적용되어야 하는가?"
6,TDESTriple Data Encryption Standard의 주요 보안 취약점을 간단히 설명하여라.?
7,스마트 도시에서 개인 정보가 안전하게 처리되도록 하려면 개인정보보호위험이 식별되고 평가된 후에는 어떻게 해야 하는가?
8,개인정보보호법을 준수하려면 합성데이터를 생성하고 활용하는데 필요한 기본적인 절차들은 무엇인가요?
9,개인 정보 처리 과정에서 발생할 수 있는 위반 사항들 중 주요 요건과 그 대응 방안들은 무엇일까요?
10,"주요 정보통신기반시설에서 기술적 취약점을 효과적으로 분석하고 평가하려면 어떠한 절차와 과정을 따르게 되며, 이를 통해 얻을 수 있는 결과들은 무엇인가요?"
11,"인공 지능AI을 통해 이용 계약을 중단하거나 개인 데이터를 처리할 때 사람의 개입 없이 이루어지는 각각의 과정과 그 과정이 어느 단계에서 발생하는지를 설명해야 하는데, 이러한 과정들은 어떻게 정리되어 있어야 합니까?"
12,손해배상책임 보장을 위한 개인 정보 처리자가 필요한 모든 조치와 절차는 무엇이며 이를 어떻게 수행해야 하는가?
13,금융보안원의 개인정보 보호 정책상 비상사태 발생 시에도 무분별하게 개인 정보가 활용될 수 없는 이유는 무엇입니까?
14,긴급 상황에서 개인 위치정보가 무단으로 활용되는 경우 어떤 절차와 요건이 필요한지를 설명하여라?
15,국민의 생명신체재산을 보호하기 위해 긴급상황 발생 시 어떤 경우에만 개인정보가 수집 및 이용될 수 있으며 해당 조건들을 설명해 주세요?
16,「개인정보 보호법」제22조의2와 같은 법 시행령 제17조의2에 따라 아동 또는 청소년의 개인정보 수집 시 필요한 동의 대상을 누구에게 해야 하는가?
17,제로트러스트 모델 하에서는 모든 신뢰가 무효화되는 환경에서 접근 권한 부여의 핵심 요소는 무엇이라고 할까요? `?
18,개인정보 보호법상 비치된 개인정보의 처리 주체는 누구인가?
19,이동형 영상정보 처리 기기가 수집한 개인영상 정보를 저장할 때 발생 가능한 주요 문제점들은 무엇일까요?
20,데이터 처리 시스템을 설계하고 운영하면서 특정 개인의 민감한 정보를 다룰 때 발생할 수 있는 주요 리스크 요소들은 무엇입니까?
21,"AI를 이용해 이상거래탐지를 자동화하려 할 때, 이러한 시스템이 갖게 될 주요 보안 위험 요소들은 무엇일까요?"
22,SW 개발과정에서 테스트 단계에서는 어떠한 종류의 보안취약점을 찾아낼 수 있으며 이를 어떻게 처리해야 할까요?
23,개인정보 처리방침 작성 지침에서 '배경 및 목적' 섹션이 '적용 대상' 섹션보다 먼저 나열된 이유는 무엇인지를 설명해 주십시오.?
24,개인정보보호책임자의 역할과 개인정보거버넌스 구축 및 운영 사이에는 어떤 차이가 있습니까?
25,의료기관에서 개인정보를 처리함에 있어 수집 및 이용 단계와 보안 강화 단계 사이에 어떠한 주요 차이가 있습니까?
26,'21년도와 '24년도 각각의 개인정보 보호 법령 변경사항 사이에는 어떠한 주요 차이가 있습니까?
27,전자금융거래법의 개정사항 중에서 디지털금융 총괄과와 금융안전과가 각각 어떤 업무를 수행하게 되는지를 기술하여 주시오?
28,개인정보 보호와 관련된 법률과 제도의 변경사항을 적절히 반영하기 위해서는 어떤 접근법을 취해야 하는지 설명하시오?
29,정보주체가 자신의 개인데이터를 열람하고 수정할 수 있는 접근 권한과 절차는 무엇인지 설명해주세요?
30,데이터 암호화와 접근 제어를 통해 개인정보를 안전하게 보호하기 위한 구체적인 조치는 무엇인가요?
